{"cameraMode":{"drawMode":0,"name":"Shaded","section":"Shading Mode"},"sceneLighting":true,"audioPlay":false,"sceneViewState":{"showFog":true,"showMaterialUpdate":false,"showSkybox":true,"showFlares":true,"showImageEffects":true,"showParticleSystems":true},"in2DMode":false,"pivot":{"x":4.604403495788574,"y":-2.9014432430267336,"z":4.158935546875},"rotation":{"x":-0.4093140661716461,"y":-0.019981611520051957,"z":0.00896662287414074,"w":-0.9121312499046326},"size":14.1260347366333,"orthographic":false}